filename,label
train_000.png,9
train_001.png,0
train_002.png,0
train_003.png,3
train_004.png,0
train_005.png,2
train_006.png,7
train_007.png,2
train_008.png,5
train_009.png,5
train_010.png,0
train_011.png,9
train_012.png,5
train_013.png,5
train_014.png,7
train_015.png,9
train_016.png,1
train_017.png,0
train_018.png,6
train_019.png,4
train_020.png,3
train_021.png,1
train_022.png,4
train_023.png,8
train_024.png,4
train_025.png,3
train_026.png,0
train_027.png,2
train_028.png,4
train_029.png,4
train_030.png,5
train_031.png,3
train_032.png,6
train_033.png,6
train_034.png,0
train_035.png,8
train_036.png,5
train_037.png,2
train_038.png,1
train_039.png,6
